sigma,n_trades,mean_ret,win_rate,score
1.25,475,0.00072517,0.44,0.014117
1.0,756,0.00010689,0.4881,0.002437
1.5,285,-0.00151648,0.4491,-0.024507
2.5,47,-0.00493326,0.5106,-0.033006
1.75,175,-0.00413812,0.4514,-0.053736
2.0,121,-0.00620416,0.4959,-0.071929
