Asset,Leadership_Score
SP500,0.8707797941229993
GOLD,0.8637943769732591
EURUSD,0.765735234078852
